,
이름(영어),이름(한글)
2NDFLOOR,
AFRODITE,
AIRHOUSE CEREMONY,에어하우스 세레모니
AIRHOUSE YOGA FLOW,에어하우스 요가 플로우
ANTWORK,
ARMEN MIRAN,
BAMBOUNOU,
BINH,
BODY ART MEDITATION,체감 예술 명상
CHANG KIHA,장기하
CHANG SEAHEE,장세희
CHAWOOL,차울
CONXI SANE (LIVE PAINTING),
COSMJN,
DAMONS YEAR,데이먼스 이어
DANGJOK LIVE COUNSELING CENTER,댕쪽이 라이브 상담소
DAOX,
DATA MEMORY ACCESS (LIVE),
DEMUJA,
DGURU,
DISCO AEROBIC,디스코에어로빅
DJ MASDA,
DJ SIN,
DJ SOULSCAPE,
DOTT,
DUUMOK,
FIELD RECORDING,들리는 매개체
FRANCESCO DEL GARDA,
FRANCESCO FARFA,
GABBS,
GOO GIJEONG,구기정
HANDPAN MORNING FLOW,핸드팬 모닝 플로우
HEALING HATHA YOGA,힐링 하타 요가
HEEN DANCE : KICO,흰댄스 : 키코
INDIGO DYEING EXPERIENCE,쪽염색 반다나 체험
INDIGO MOONWAVE SOUNDHEALING,인디고 문웨이브 사운드 힐링
"INDIGO SUNRISE
 AWAKENING THE EARTH RESONANCE(432Hz)","인디고 선라이즈 
 대지의 공명을 깨우다 (432Hz)"
ISAAC,
JINMOO,
JISOKURYCLUB,지소쿠리클럽
JONGHO (LIVE),
JUNG SEUNG,정승
KIBUM,
KIM OKI : EXORCIST KING,김오키 퇴마왕
KIM SAWOL,김사월
KONDUKU,
KOREA FOOD HAND RITUAL,손으로 만드는 한국 음식
LEFTO EARLY BIRD,
LYUMIN,
MARCO SHUTTLE,
MEANINGFUL STONE,김뜻돌
MIHAK,
MINDFUL AROMATHERAPY & ROLL-ON MAKING,마음챙김 아로마테라피&아로마롤온 만들기
MOGWAA (LIVE),
MOTHER-OF-PEARL KEYRING MAKING,자개 키링 만들기
NABIYON (LIVE) IMPROVISED VOICE & SOUND HEALING,나비연 즉흥소리 & 사운드 힐링 콘서트
NICOLAS LUTZ,
NOMTII,
NOVASIA,노바시아
OUISSAM,
OYSTERS,오이스터스
RAKUNELAMA,라쿠네라마
RAPHAEL CARRAU,
ROBERT ISTOC,
ROZA TERENZI,
SALLY C,
SAMUI,사뮈
SAMULNORI ON : PAN ON,사물놀이 온ON : 판 온
SAY SUE ME,세이수미
SÉBASTIEN LÉGER,
SHONKY,
SPACE MOTION,
STUDIO NOKE,스튜디오 노케
SUNDAY LEE,
SUNDOWN GONG CEREMONY,일몰 공 세레모니
SUNGHOON,
SUNJU HARGUN,
VENERABLE BOMAN’S BUDDHIST PSYCHOLOGY,보만스님의 불교심리학
VERA,
VIIA YEON,비아 연
VINYASA MOVEMENT,빈야사 무브먼트
VOICE OF THE TREES: A FOREST TEMPLE,나무의 목소리: 숲의 사원
WELLNESS TAEKWONDO,웰니스 태권도
XANEXX,
YOUNG SUN,
ZAHO: WHERE RHYTHM PAUSES,자호: 리듬이 머무는 순간 
ZORBA,
,
,
,
,
,
,
,
,
,
,
,
,
,
,
,
,
,
,
,
,
,
,
,
,
,
,
,
,
,
,
,
,
,
,
,
,
,
,
,
,
,
,
,
,
,
,
,
,
,
,
,
,
,
,
,
,
,
,
,
,
,
,
,
,
,
,
,
,
,
,
,
,
,
,
,
,
,
,
,
,
,
,
,
,
,
,
,
,
,
,
,
,
,
,
,
,
,
,
,
,
,
,
,
,
,
,
,
,
,
,
,
,
,
,
,
,
,
,
,
,
,
,
,
,
,
,
,
,
,
,
,
,
,
,
,
,
,
,
,
,
,
,
,
,
,
,
,
,
,
,
,
,
,
,
,
,
,
,
,
,
,
,
,
,
,
,
,
,
,
,
,
,
,
,
,
,
,
,
,
,
,
,
,
,
,
,
,
,
,
,
,
,
,
,
,
,
,
,
,
,
,
,
,
,
,
,
,
,
,
,
,
,
,
,
,
,
,
,
,
,
,
,
,
,
,
,
,
,
,
,
,
,
,
,
,
,
,
,
,
,
,
,
,
,
,
,
,
,
,
,
,
,
,
,
,
,
,
,
,
,
,
,
,
,
,
,
,
,
,
,
,
,
,
,
,
,
,
,
,
,
,
,
,
,
,
,
,
,
,
,
,
,
,
,
,
,
,
,
,
,
,
,
,
,
,
,
,
,
,
,
,
,
,
,
,
,
,
,
,
,
,
,
,
,
,
,
,
,
,
,
,
,
,
,
,
,
,
,
,
,
,
,
,
,
,
,
,
,
,
,
,
,
,
,
,
,
,
,
,
,
,
,
,
,
,
,
,
,
,
,
,
,
,
,
,
,
,
,
,
,
,
,
,
,
,
,
,
,
,
,
,
,
,
,
,
,
,
,
,
,
,
,
,
,
,
,
,
,
,
,
,
,
,
,
,
,
,
,
,
,
,
,
,
,
,
,
,
,
,
,
,
,
,
,
,
,
,
,
,
,
,
,
,
,
,
,
,
,
,
,
,
,
,
,
,
,
,
,
,
,
,
,
,
,
,
,
,
,
,
,
,
,
,
,
,
,
,
,
,
,
,
,
,
,
,
,
,
,
,
,
,
,
,
,
,
,
,
,
,
,
,
,
,
,
,
,
,
,
,
,
,
,
,
,
,
,
,
,
,
,
,
,
,
,
,
,
,
,
,
,
,
,
,
,
,
,
,
,
,
,
,
,
,
,
,
,
,
,
,
,
,
,
,
,
,
,
,
,
,
,
,
,
,
,
,
,
,
,
,
,
,
,
,
,
,
,
,
,
,
,
,
,
,
,
,
,
,
,
,
,
,
,
,
,
,
,
,
,
,
,
,
,
,
,
,
,
,
,
,
,
,
,
,
,
,
,
,
,
,
,
,
,
,
,
,
,
,
,
,
,
,
,
,
,
,
,
,
,
,
,
,
,
,
,
,
,
,
,
,
,
,
,
,
,
,
,
,
,
,
,
,
,
,
,
,
,
,
,
,
,
,
,
,
,
,
,
,
,
,
,
,
,
,
,
,
,
,
,
,
,
,
,
,
,
,
,
,
,
,
,
,
,
,
,
,
,
,
,
,
,
,
,
,
,
,
,
,
,
,
,
,
,
,
,
,
,
,
,
,
,
,
,
,
,
,
,
,
,
,
,
,
,
,
,
,
,
,
,
,
,
,
,
,
,
,
,
,
,
,
,
,
,
,
,
,
,
,
,
,
,
,
,
,
,
,
,
,
,
,
,
,
,
,
,
,
,
,
,
,
,
,
,
,
,
,
,
,
,
,
,
,
,
,
,
,
,
,
,
,
,
,
,
,
,
,
,
,
,
,
,
,
,
,
,
,
,
,
,
,
,
,
,
,
,
,
,
,
,
,
,
,
,
,
,
,
,
,
,
,
,
,
,
,
,
,
,
,
,
,
,
,
,
,
,
,
,
,
,
,
,
,
,
,
,
,
,
,
,
,
,
,
,
,
,
,
,
,
,
,
,
,
,
,
,
,
,
,
,
,
,
,
,
,
,
,
,
,
,
,
,
,
,
,
,
,
,
,
,
,
,
,
,
,
,
,
,
,
,
,
,
,
,
,
,
,
,
,
,
,
,
,
,
,
,
,
,
,
,
